,index,ENH_MastrID,ENH_MastrNummer,ENH_Systemstatus,ENH_Betriebsstatus,ENH_EinheitenTyp,ENH_NameEinheit,ENH_NameWindpark,ENH_NameKraftwerk,ENH_NameKraftwerksblock,ENH_VoruebergehendeStilllegungBeginn,ENH_WiederInbetriebnahmeDatum,ENH_GeplantesInbetriebnahmeDatum,ENH_InbetriebnahmeDatum,ENH_EndgueltigeStilllegungDatum,ENH_Meldedatum,ENH_LetzteAktualisierung,ENH_Land,ENH_Lage,ENH_Plz,ENH_Ort,ENH_Standortangabe,ENH_Strasse,ENH_Hausnummer,ENH_Adresszusatz,ENH_Gemarkung,ENH_Flurstueck,ENH_Bundesland,ENH_Landkreis,ENH_Gemeinde,ENH_Gemeindeschluessel,ENH_Seelage,ENH_ClusterOstsee,ENH_ClusterNordsee,ENH_Kuestenentfernung,ENH_Wassertiefe,ENH_Breitengrad,ENH_Laengengrad,ENH_AnzahlModule,ENH_Bruttoleistung,ENH_Nettonennleistung,ENH_Wechselrichterleistung,ENH_Wechselrichter,ENH_Leistungsbegrenzung,ENH_IsGrenzkraftwerk,ENH_NettonennleistungDeutschland,ENH_IsKombibetrieb,ENH_NettoleistungSteigerungDurchKombibetrieb,ENH_KombibetriebMastrNummer,ENH_SolarLage,ENH_Nutzungsbereich,ENH_EinheitlicheAusrichtungUndNeigungswinkel,ENH_HauptAusrichtung,ENH_HauptNeigungswinkel,ENH_NebenAusrichtung,ENH_NebenNeigungswinkel,ENH_InAnspruchgenommeneFlaeche,ENH_ArtDerFlaeche,ENH_InAnspruchgenommeneAckerflaeche,ENH_Technologie,ENH_Nabenhoehe,ENH_Rotordurchmesser,ENH_AuflagenZuAbschaltungBzwLeistungsgrenzen,ENH_Hersteller,ENH_Typenbezeichner,ENH_Energietraeger,ENH_Hauptbrennstoff,ENH_HauptbrennstoffWeiterer,ENH_NetzreserveDatum,ENH_SicherheitsbereitschaftDatum,ENH_Baubeginn,ENH_Biomasseart,ENH_ArtDerWasserkraftanlage,ENH_ZuflussArt,ENH_CanStromerzeugungMindern,ENH_MarktpartnerNummer,ENH_IsFernsteuerbarNetzbetreiber,ENH_IsFernsteuerbarDirektvermarkter,ENH_IsFernsteuerbarDritte,ENH_IsAngeschlossenAnHoechstOderHochspannungsnetz,ENH_EinspeisungsArt,ENH_AnteiligNutzungsberechtigte,ENH_Einsatzort,ENH_MaStRNummerNetzbetreiber,ENH_IsStilllegungNachParagraph13b,ENH_ArtDerStilllegungNachParagraph13b,ENH_BeginnDerStilllegungNachParagraph13b,ENH_EndeDerStilllegungNachParagraph13b,ENH_WCode,ENH_WCodeDisplayname,ENH_Kraftwerksnummer,ENH_ArtAbschaltbareLast,ENH_AnteilBeeinflussbarerLast,ENH_AnzahlAngeschlossenerStromverbrauchseinheitenUeber50MegaWatt,ENH_IsPraequalifiziertAbschaltbareLast,ENH_Erzeugungsleistung,ENH_IsStromerzeugung,ENH_MastrNummernDerZugehoerigenStromerzeugungseinheiten,ENH_MaximaleGasbezugsleistung,ENH_Kopplung,ENH_Batterietechnologie,ENH_LeistungsaufnahmePumpbetrieb,ENH_IsRegelbetriebPumpbetrieb,ENH_IsNotstromaggregat,ENH_NBP_Pruefungsdatum,ENH_NBP_Netzbetreiberpruefungsstatus
0,362,1799385,SEE975973981666,Aktiviert,In Betrieb,Windeinheit,WEA 1,,,,,,,2016-10-18 00:00:00.000000,,2019-02-15 00:00:00.000000,2019-05-28 08:26:38.033000,Deutschland,Windkraft an Land,90616,Neuhof,Über Flurdaten,,,,Oberfeldbrecht,1078,Bayern,Neustadt a.d. Aisch-Bad Windsheim,Neuhof a.d. Zenn,09575152,,,,,,49.432306,10.660917,,3300.0,3300.0,,,,,,,,,,,,,,,,,,,Horizontalläufer,137.0,126.0,-1.0,Vestas Deutschland GmbH,V-126 3.3 MW,Wind,,,,,,,,,,,-1.0,-1.0,0.0,0.0,Volleinspeisung,,,,,,,,,,,,,,,,,,,,,,,,,Ungeprueft
1,577,1922083,SEE966419145513,Aktiviert,In Betrieb,Windeinheit,Anlage zwei,,,,,,,2015-12-30 00:00:00.000000,,2019-03-10 00:00:00.000000,2019-05-28 08:26:38.033000,Deutschland,Windkraft an Land,31812,Bad Pyrmont,Über Flurdaten,,,,Baarsen,Flur 14 Flurstück 8/5,Niedersachsen,Hameln-Pyrmont,Bad Pyrmont,03252003,,,,,,51.943218,9.33044,,2300.0,2300.0,,,,,,,,,,,,,,,,,,,Horizontalläufer,98.38,82.0,-1.0,ENERCON GmbH,E-82 E2,Wind,,,,,,,,,,,-1.0,-1.0,-1.0,0.0,,,,,,,,,,,,,,,,,,,,,,,,,,Ungeprueft
2,601,1799405,SEE987713232792,Aktiviert,In Betrieb,Windeinheit,Dörnholzhausen-Wind,,,,,,,1997-12-15 00:00:00.000000,,2019-02-01 00:00:00.000000,2019-05-28 08:26:38.033000,Deutschland,Windkraft an Land,35066,Frankenberg,Postalische Adresse,Rosenbergstraße,3,,,,Hessen,Waldeck-Frankenberg,Frankenberg (Eder),06635011,,,,,,51.050636,8.877135,,600.0,600.0,,,,,,,,,,,,,,,,,,,Horizontalläufer,60.0,43.0,0.0,Nordex Energy GmbH,N43,Wind,,,,,,,,,,,-1.0,-1.0,0.0,0.0,Volleinspeisung,,,SNB936172924014,,,,,,,,,,,,,,,,,,,,,2019-02-13 00:00:00.000000,Geprueft
3,616,1922147,SEE945072717602,Aktiviert,In Betrieb,Windeinheit,Heng_WEA1,,,,,,,2016-08-11 00:00:00.000000,,2019-03-10 00:00:00.000000,2019-05-28 08:26:38.033000,Deutschland,Windkraft an Land,33184,Altenbeken,Über Flurdaten,,,,Schwaney (052956),"Flur 19, Flurstück 55",Nordrhein-Westfalen,Paderborn,Altenbeken,05774004,,,,,,51.714926,8.893148,,2300.0,2300.0,,,,,,,,,,,,,,,,,,,Horizontalläufer,138.38,82.0,-1.0,ENERCON GmbH,E-82 E2,Wind,,,,,,,,,,,-1.0,-1.0,0.0,0.0,Volleinspeisung,,,,,,,,,,,,,,,,,,,,,,,,,Ungeprueft
4,719,1798859,SEE978389475514,Aktiviert,In Betrieb,Windeinheit,WEA01,,,,,,,2016-03-14 00:00:00.000000,,2019-02-04 00:00:00.000000,2019-05-28 08:26:38.033000,Deutschland,Windkraft an Land,56761,Kaifenheim,Über Flurdaten,,,,Kaifenheim,Flur 3. Flurstück 158/1,Rheinland-Pfalz,Cochem-Zell,Kaifenheim,07135043,,,,,,50.252081,7.239221,,3300.0,3300.0,,,,,,,,,,,,,,,,,,,Horizontalläufer,119.0,112.0,-1.0,Vestas Deutschland GmbH,V112-3.3MW,Wind,,,,,,,,,,,-1.0,-1.0,-1.0,0.0,Volleinspeisung,,,SNB921897286493,,,,,,,,,,,,,,,,,,,,,2019-06-19 00:00:00.000000,Geprueft
5,738,1798819,SEE901069753206,Aktiviert,In Betrieb,Windeinheit,WIBI01 FL89,,,,,,,1999-10-29 00:00:00.000000,,2019-02-11 00:00:00.000000,2019-07-23 16:08:17.763000,Deutschland,Windkraft an Land,64823,Groß-Umstadt,Über Flurdaten,,,,Raibach,Flur 1 Flurstück 108 und 109,Hessen,Darmstadt-Dieburg,Groß-Umstadt,06432010,,,,,,49.876166,8.977337,,1000.0,1000.0,,,,,,,,,,,,,,,,,,,Horizontalläufer,70.0,54.0,0.0,Fuhrländer AG,FL1000,Wind,,,,,,,,,,,-1.0,-1.0,0.0,0.0,Volleinspeisung,,,SNB956958990736,,,,,,,,,,,,,,,,,,,,,2019-09-19 00:00:00.000000,Geprueft
6,892,1798601,SEE900290686291,Aktiviert,In Betrieb,Windeinheit,Thießen Nordwind E 92,,,,,,,2016-03-24 00:00:00.000000,,2019-02-03 00:00:00.000000,2020-03-05 10:35:51.723000,Deutschland,Windkraft an Land,25709,Kronprinzenkoog,Über Flurdaten,,,,Kronprinzenkoog,Flur 17 Flurstück 8,Schleswig-Holstein,Dithmarschen,Kronprinzenkoog,01051062,,,,,,53.953022,8.971423,,2350.0,2350.0,,,,,,,,,,,,,,,,,,,Horizontalläufer,85.0,92.0,-1.0,ENERCON GmbH,E 92,Wind,,,,,,,,,,,-1.0,-1.0,-1.0,0.0,Volleinspeisung,,,SNB919861978666,,,,,,,,,,,,,,,,,,,,,2019-07-23 00:00:00.000000,Geprueft
7,940,1798569,SEE913741454097,Aktiviert,In Betrieb,Windeinheit,WEA 1 BMR,,,,,,,2017-01-11 00:00:00.000000,,2019-01-31 00:00:00.000000,2019-06-17 08:18:12.967000,Deutschland,Windkraft an Land,52525,Heinsberg,Über Flurdaten,,,,Laffeld,"Flur 5, Flurstück 202",Nordrhein-Westfalen,Heinsberg,Heinsberg,05370016,,,,,,51.029548,6.045546,,2400.0,2400.0,,,,,,,,,,,,,,,,,,,Horizontalläufer,120.0,116.8,-1.0,Nordex SE,N117,Wind,,,,,,,,,,,-1.0,-1.0,-1.0,0.0,Volleinspeisung,,,SNB931070025696,,,,,,,,,,,,,,,,,,,,,2019-02-01 00:00:00.000000,Geprueft
8,1179,1798278,SEE914108319653,Aktiviert,In Betrieb,Windeinheit,WEA 4,,,,,,,2017-09-04 00:00:00.000000,,2019-02-13 00:00:00.000000,2019-05-28 08:26:38.033000,Deutschland,Windkraft an Land,37247,Großalmerode,Über Flurdaten,,,,Großalmerode,Flur 51: Flurstück 24,Hessen,Werra-Meißner-Kreis,Großalmerode,06636004,,,,,,51.272164,9.733069,,3000.0,3000.0,,,,,,,,,,,,,,,,,,,Horizontalläufer,149.08,115.71,-1.0,ENERCON GmbH,E-115,Wind,,,,,,,,,,,-1.0,-1.0,-1.0,-1.0,Volleinspeisung,,,SNB935482852901,,,,,,,,,,,,,,,,,,,,,2019-03-01 00:00:00.000000,Geprueft
9,1180,1798279,SEE982417853618,Aktiviert,In Betrieb,Windeinheit,WEA 6,,,,,,,2017-08-31 00:00:00.000000,,2019-02-13 00:00:00.000000,2019-05-28 08:26:38.033000,Deutschland,Windkraft an Land,37247,Großalmerode,Über Flurdaten,,,,Großalmerode,Flur 51: Flurstück 32/1,Hessen,Werra-Meißner-Kreis,Großalmerode,06636004,,,,,,51.270462,9.748361,,3000.0,3000.0,,,,,,,,,,,,,,,,,,,Horizontalläufer,149.08,115.71,-1.0,ENERCON GmbH,E-115,Wind,,,,,,,,,,,-1.0,-1.0,-1.0,-1.0,Volleinspeisung,,,SNB935482852901,,,,,,,,,,,,,,,,,,,,,2019-03-05 00:00:00.000000,Geprueft
10,1394,1866935,SEE998498321465,Aktiviert,In Betrieb,Windeinheit,WEA 10,,,,,,,2012-12-15 00:00:00.000000,,2019-02-20 00:00:00.000000,2019-05-28 08:26:38.033000,Deutschland,Windkraft an Land,07751,Bucha,Über Flurdaten,,,,Bucha,"Flur 10: 1341,1342,1343/1",Thüringen,Saale-Holzland-Kreis,Bucha,16074008,,,,,,50.898719,11.503311,,2500.0,2500.0,,,,,,,,,,,,,,,,,,,Horizontalläufer,100.0,99.8,0.0,Nordex SE,N100/2500,Wind,,,,,,,,,,,-1.0,-1.0,0.0,0.0,Volleinspeisung,,,SNB945861817537,,,,,,,,,,,,,,,,,,,,,2020-02-25 00:00:00.000000,Geprueft
11,1449,1796226,SEE940146675093,Aktiviert,In Betrieb,Windeinheit,WEA 5,,,,,,,2017-09-01 00:00:00.000000,,2019-02-13 00:00:00.000000,2019-05-28 08:26:38.033000,Deutschland,Windkraft an Land,37247,Großalmerode,Über Flurdaten,,,,Großalmerode,Flur 51: Flurstück 28,Hessen,Werra-Meißner-Kreis,Großalmerode,06636004,,,,,,51.270068,9.739374,,3000.0,3000.0,,,,,,,,,,,,,,,,,,,Horizontalläufer,149.08,115.71,-1.0,ENERCON GmbH,E-115,Wind,,,,,,,,,,,-1.0,-1.0,-1.0,-1.0,Volleinspeisung,,,SNB935482852901,,,,,,,,,,,,,,,,,,,,,2019-03-05 00:00:00.000000,Geprueft
12,1450,1796227,SEE973767078653,Aktiviert,In Betrieb,Windeinheit,WEA 2 / 1150775,,,,,,,2017-09-28 00:00:00.000000,,2019-02-01 00:00:00.000000,2020-07-10 06:11:02.097000,Deutschland,Windkraft an Land,23824,Damsdorf,Über Flurdaten,,,,Damsdorf,"Flur 1, Flurstück 1",Schleswig-Holstein,Segeberg,Damsdorf,01060017,,,,,,54.073831,10.2994,,3000.0,3000.0,,,,,,,,,,,,,,,,,,,Horizontalläufer,135.4,115.7,-1.0,ENERCON GmbH,E-115,Wind,,,,,,,,,,,-1.0,-1.0,0.0,0.0,Volleinspeisung,,,SNB919861978666,,,,,,,,,,,,,,,,,,,,,2020-07-17 00:00:00.000000,Geprueft
13,1485,1867182,SEE975835282283,Aktiviert,In Betrieb,Windeinheit,47901,,,,,,,2013-01-17 00:00:00.000000,,2019-02-20 00:00:00.000000,2020-02-27 13:55:29.293000,Deutschland,Windkraft an Land,18519,Sundhagen,Über Flurdaten,,,,Mannhagen,"Flur 2, Flurstück 216/2",Mecklenburg-Vorpommern,Vorpommern-Rügen,Sundhagen,13073090,,,,,,54.164279,13.191183,,3075.0,3075.0,,,,,,,,,,,,,,,,,,,Horizontalläufer,94.0,112.0,-1.0,Vestas Deutschland GmbH,V112-3.0,Wind,,,,,,,,,,,-1.0,-1.0,-1.0,0.0,Volleinspeisung,,,SNB941690671609,,,,,,,,,,,,,,,,,,,,,2020-02-20 00:00:00.000000,Geprueft
14,1500,1867159,SEE950930725798,Aktiviert,In Betrieb,Windeinheit,WEA 1 - 827188,,,,,,,2017-09-27 00:00:00.000000,,2019-02-20 00:00:00.000000,2020-01-21 10:57:34.757000,Deutschland,Windkraft an Land,25873,Oldersbek,Über Flurdaten,,,,Oldersbek,"Flur 1, Flurstück 47",Schleswig-Holstein,Nordfriesland,Oldersbek,01054096,,,,,,54.458043,9.163279,,2350.0,2350.0,,,,,,,,,,,,,,,,,,,Horizontalläufer,59.0,82.0,-1.0,ENERCON GmbH,E82 E4 TES,Wind,,,,,,,,,,,-1.0,-1.0,-1.0,0.0,Volleinspeisung,,,SNB919861978666,,,,,,,,,,,,,,,,,,,,,2019-09-05 00:00:00.000000,Geprueft
15,1534,1867084,SEE947527047357,Aktiviert,In Betrieb,Windeinheit,70051,,,,,,,2001-12-30 00:00:00.000000,,2019-02-20 00:00:00.000000,2019-08-09 12:30:16.123000,Deutschland,Windkraft an Land,19406,Hohen Pritz,Über Flurdaten,,,,Hohen Pritz,Flur2: 046/2,Mecklenburg-Vorpommern,Ludwigslust-Parchim,Hohen Pritz,13076062,,,,,,53.623091,11.909731,,1500.0,1500.0,,,,,,,,,,,,,,,,,,,Horizontalläufer,85.0,77.0,0.0,Südwind Borsig Energy GmbH,S 77,Wind,,,,,,,,,,,-1.0,-1.0,-1.0,0.0,Volleinspeisung,,,SNB928759560869,,,,,,,,,,,,,,,,,,,,,,Ungeprueft
16,1539,1867094,SEE944539079994,Aktiviert,In Betrieb,Windeinheit,301516,,,,,,,2018-06-20 00:00:00.000000,,2019-02-22 00:00:00.000000,2020-02-19 09:53:10.043000,Deutschland,Windkraft an Land,45665,Recklinghausen,Über Flurdaten,,,,Oer-Erkenschwick,"Flur78: 019 , 034",Nordrhein-Westfalen,Recklinghausen,Recklinghausen,05562032,,,,,,51.62539,7.269308,,3200.0,3200.0,,,,,,,,,,,,,,,,,,,Horizontalläufer,119.0,122.0,-1.0,Senvion Deutschland GmbH,3.2M122,Wind,,,,,,,,,,,-1.0,-1.0,-1.0,0.0,Volleinspeisung,,,SNB921897286493,,,,,,,,,,,,,,,,,,,,,2020-07-16 00:00:00.000000,Geprueft
17,1548,1867040,SEE981496307302,Aktiviert,In Betrieb,Windeinheit,70049,,,,,,,2001-12-30 00:00:00.000000,,2019-02-20 00:00:00.000000,2019-08-09 12:30:15.210000,Deutschland,Windkraft an Land,19406,Hohen Pritz,Über Flurdaten,,,,Hohen Pritz,Flur2: 042/1,Mecklenburg-Vorpommern,Ludwigslust-Parchim,Hohen Pritz,13076062,,,,,,53.622973,11.9031,,1500.0,1500.0,,,,,,,,,,,,,,,,,,,Horizontalläufer,85.0,77.0,-1.0,Südwind Borsig Energy GmbH,S 77,Wind,,,,,,,,,,,-1.0,-1.0,-1.0,0.0,Volleinspeisung,,,SNB928759560869,,,,,,,,,,,,,,,,,,,,,,Ungeprueft
18,1563,1867170,SEE975157825472,Aktiviert,In Betrieb,Windeinheit,70042,,,,,,,2001-12-29 00:00:00.000000,,2019-02-20 00:00:00.000000,2019-08-09 12:30:19.960000,Deutschland,Windkraft an Land,19406,Hohen Pritz,Über Flurdaten,,,,Hohen Pritz,Flur1: 183/1,Mecklenburg-Vorpommern,Ludwigslust-Parchim,Hohen Pritz,13076062,,,,,,53.616931,11.904435,,1500.0,1500.0,,,,,,,,,,,,,,,,,,,Horizontalläufer,85.0,77.0,0.0,Südwind Borsig Energy GmbH,S 77,Wind,,,,,,,,,,,-1.0,-1.0,-1.0,0.0,Volleinspeisung,,,SNB928759560869,,,,,,,,,,,,,,,,,,,,,,Ungeprueft
19,1570,1867068,SEE995971589381,Aktiviert,In Betrieb,Windeinheit,29673,,,,,,,2008-05-01 00:00:00.000000,,2019-02-20 00:00:00.000000,2020-02-27 14:12:17.113000,Deutschland,Windkraft an Land,18519,Sundhagen,Über Flurdaten,,,,Mannhagen,"Flur 2, Flurstück 176/2",Mecklenburg-Vorpommern,Vorpommern-Rügen,Sundhagen,13073090,,,,,,54.171895,13.189765,,2000.0,2000.0,,,,,,,,,,,,,,,,,,,Horizontalläufer,105.0,90.0,-1.0,Vestas Deutschland GmbH,V90-2.0,Wind,,,,,,,,,,,-1.0,-1.0,-1.0,0.0,Volleinspeisung,,,SNB941690671609,,,,,,,,,,,,,,,,,,,,,2020-02-20 00:00:00.000000,Geprueft
20,1579,1867080,SEE939079912177,Aktiviert,In Betrieb,Windeinheit,DT03,,,,,,,2014-12-03 00:00:00.000000,,2019-02-20 00:00:00.000000,2019-05-28 08:26:38.033000,Deutschland,Windkraft auf See,,,Postalische Adresse,,,,,,Ausschließliche Wirtschaftszone,,,,Nordsee,,5.0,50.51,30.45,55.083025,7.182108,,3780.0,3780.0,,,,,,,,,,,,,,,,,,,Horizontalläufer,88.0,120.0,0.0,Siemens Wind Power GmbH & Co. KG,SWT-3.6-120,Wind,,,,,,,,,,,-1.0,-1.0,0.0,-1.0,Volleinspeisung,,,SNB970033313272,,,,,,,,,,,,,,,,,,,,,2019-10-01 00:00:00.000000,Geprueft
21,1599,1867073,SEE994572384791,Aktiviert,In Betrieb,Windeinheit,V227189,,,,,,,2019-02-04 00:00:00.000000,,2019-02-20 00:00:00.000000,2020-07-13 13:35:53.643000,Deutschland,Windkraft an Land,49751,Sögel,Über Flurdaten,,,,Sögel,"Flur:62
Flurstück: 13, 9/2",Niedersachsen,Emsland,Sögel,03454047,,,,,,52.81891,7.50805,,3600.0,3600.0,,,,,,,,,,,,,,,,,,,Horizontalläufer,132.0,136.0,-1.0,Vestas Deutschland GmbH,V 136-3.6MW,Wind,,,,,,,,,,,-1.0,-1.0,0.0,-1.0,Volleinspeisung,,,SNB990362338043,,,,,,,,,,,,,,,,,,,,,2019-05-08 00:00:00.000000,Geprueft
22,1603,1867107,SEE926722508115,Aktiviert,In Betrieb,Windeinheit,70041,,,,,,,2001-12-30 00:00:00.000000,,2019-02-20 00:00:00.000000,2019-08-09 12:30:18.127000,Deutschland,Windkraft an Land,19406,Hohen Pritz,Über Flurdaten,,,,Hohen Pritz,Flur2: 071/1,Mecklenburg-Vorpommern,Ludwigslust-Parchim,Hohen Pritz,13076062,,,,,,53.621049,11.912735,,1500.0,1500.0,,,,,,,,,,,,,,,,,,,Horizontalläufer,85.0,77.0,0.0,Südwind Borsig Energy GmbH,S 77,Wind,,,,,,,,,,,-1.0,-1.0,-1.0,0.0,Volleinspeisung,,,SNB928759560869,,,,,,,,,,,,,,,,,,,,,,Ungeprueft
23,1604,1867108,SEE998279752266,Aktiviert,In Betrieb,Windeinheit,DT04,,,,,,,2014-12-02 00:00:00.000000,,2019-02-20 00:00:00.000000,2019-05-28 08:26:38.033000,Deutschland,Windkraft auf See,,,Postalische Adresse,,,,,,Ausschließliche Wirtschaftszone,,,,Nordsee,,5.0,51.05,29.44,55.093697,7.170464,,3780.0,3780.0,,,,,,,,,,,,,,,,,,,Horizontalläufer,88.0,120.0,0.0,Siemens Wind Power GmbH & Co. KG,SWT-3.6-120,Wind,,,,,,,,,,,-1.0,-1.0,0.0,-1.0,Volleinspeisung,,,SNB970033313272,,,,,,,,,,,,,,,,,,,,,2019-10-01 00:00:00.000000,Geprueft
24,1630,1867132,SEE935049207038,Aktiviert,In Betrieb,Windeinheit,Bauernkamp HB 16 Klaus Schäfer,,,,,,,2018-09-17 00:00:00.000000,,2019-02-20 00:00:00.000000,2020-01-06 13:23:55.310000,Deutschland,Windkraft an Land,32805,Horn-Bad Meinberg,Über Flurdaten,,,,Bauernkamp,"Flur: 001. Flurstück: 012, 013, 022",Nordrhein-Westfalen,Höxter,Steinheim,05762032,,,,,,51.817638,8.916406,,3000.0,3000.0,,,,,,,,,,,,,,,,,,,Horizontalläufer,149.08,115.71,-1.0,ENERCON GmbH,E-115,Wind,,,,,,,,,,,-1.0,-1.0,-1.0,0.0,Volleinspeisung,,,,,,,,,,,,,,,,,,,,,,,,,Ungeprueft
25,1642,1924807,SEE991680756052,Aktiviert,In Betrieb,Windeinheit,Artlenburg 04,,,,,,,2002-12-29 00:00:00.000000,,2019-03-11 00:00:00.000000,2019-05-28 08:26:38.033000,Deutschland,Windkraft an Land,21380,Artlenburg,Über Flurdaten,,,,Artlenburg,Fl 22 Fls 13,Niedersachsen,Lüneburg,Artlenburg,03355003,,,,,,53.351,10.487492,,1500.0,1500.0,,,,,,,,,,,,,,,,,,,Horizontalläufer,85.0,77.0,0.0,Senvion Deutschland GmbH,MD77,Wind,,,,,,,,,,,-1.0,-1.0,-1.0,0.0,Volleinspeisung,,,SNB990362338043,,,,,,,,,,,,,,,,,,,,,2020-03-10 00:00:00.000000,Geprueft
26,1646,1924772,SEE911373626042,Aktiviert,In Betrieb,Windeinheit,NX-1164,,,,,,,1999-12-30 00:00:00.000000,,2019-03-11 00:00:00.000000,2019-09-25 07:19:21.863000,Deutschland,Windkraft an Land,06869,Coswig,Postalische Adresse,Buroer Feld,,,,,Sachsen-Anhalt,Wittenberg,Coswig (Anhalt),15091060,,,,,,51.904444,12.409722,,1300.0,1300.0,,,,,,,,,,,,,,,,,,,Horizontalläufer,85.0,60.0,0.0,Nordex Energy GmbH,N60,Wind,,,,,,,,,,,-1.0,-1.0,0.0,0.0,Volleinspeisung,,,,,,,,,,,,,,,,,,,,,,,,,Ungeprueft
27,1667,1924759,SEE998172539353,Aktiviert,In Betrieb,Windeinheit,WEA 14 / 84172,,,,,,,2015-11-05 00:00:00.000000,,2019-03-11 00:00:00.000000,2020-03-02 12:58:28.743000,Deutschland,Windkraft an Land,18258,Kambs,Über Flurdaten,,,,Kambs,"Flur 1, Flurstück 113",Mecklenburg-Vorpommern,Rostock,Vorbeck,13072110,,,,,,53.905912,12.033259,,2500.0,2500.0,,,,,,,,,,,,,,,,,,,Horizontalläufer,140.0,100.0,-1.0,Nordex Energy GmbH,N100,Wind,,,,,,,,,,,-1.0,-1.0,0.0,-1.0,Volleinspeisung,,,SNB941690671609,,,,,,,,,,,,,,,,,,,,,2020-05-18 00:00:00.000000,Geprueft
28,1681,1867142,SEE977176971765,Aktiviert,In Betrieb,Windeinheit,DT05,,,,,,,2014-12-02 00:00:00.000000,,2019-02-20 00:00:00.000000,2019-05-28 08:26:38.033000,Deutschland,Windkraft auf See,,,Postalische Adresse,,,,,,Ausschließliche Wirtschaftszone,,,,Nordsee,,5.0,51.19,29.83,55.103258,7.170372,,3780.0,3780.0,,,,,,,,,,,,,,,,,,,Horizontalläufer,88.0,120.0,0.0,Siemens Wind Power GmbH & Co. KG,SWT-3.6-120,Wind,,,,,,,,,,,-1.0,-1.0,0.0,-1.0,Volleinspeisung,,,SNB970033313272,,,,,,,,,,,,,,,,,,,,,2019-09-30 00:00:00.000000,Geprueft
29,1683,1867144,SEE950723743077,Aktiviert,In Betrieb,Windeinheit,WEA 10 - V219365,,,,,,,2017-09-29 00:00:00.000000,,2019-02-20 00:00:00.000000,2020-10-14 12:51:39.907000,Deutschland,Windkraft an Land,57334,Bad Laasphe,Über Flurdaten,,,,Hesselbach,"Flur 11, Flurstück 64",Nordrhein-Westfalen,Siegen-Wittgenstein,Bad Laasphe,05970028,,,,,,50.894884,8.393907,,3300.0,3300.0,,,,,,,,,,,,,,,,,,,Horizontalläufer,137.0,126.0,0.0,Vestas Deutschland GmbH,V126-3.3 MW (LDST-Tower),Wind,,,,,,,,,,,-1.0,-1.0,-1.0,0.0,Volleinspeisung,,,,,,,,,,,,,,,,,,,,,,,,,WiederVorlagePruefung
30,1688,1924782,SEE996418766204,Aktiviert,In Betrieb,Windeinheit,WEA 16 / 84171,,,,,,,2015-12-02 00:00:00.000000,,2019-03-11 00:00:00.000000,2020-03-02 12:54:35.643000,Deutschland,Windkraft an Land,18258,Vorbeck,Über Flurdaten,,,,Kambs,"Flur 1, Flurstück 16",Mecklenburg-Vorpommern,Rostock,Vorbeck,13072110,,,,,,53.908701,12.037489,,2500.0,2500.0,,,,,,,,,,,,,,,,,,,Horizontalläufer,140.0,100.0,-1.0,Nordex Energy GmbH,N100,Wind,,,,,,,,,,,-1.0,-1.0,0.0,-1.0,Volleinspeisung,,,SNB941690671609,,,,,,,,,,,,,,,,,,,,,2020-05-18 00:00:00.000000,Geprueft
31,1709,1924823,SEE908947573161,Aktiviert,In Betrieb,Windeinheit,Artlenburg 05,,,,,,,2002-12-30 00:00:00.000000,,2019-03-11 00:00:00.000000,2019-05-28 08:26:38.033000,Deutschland,Windkraft an Land,21380,Artlenburg,Über Flurdaten,,,,Artlenburg,Fl 22 Fls 24/1,Niedersachsen,Lüneburg,Artlenburg,03355003,,,,,,53.351072,10.492108,,1500.0,1500.0,,,,,,,,,,,,,,,,,,,Horizontalläufer,85.0,77.0,0.0,Senvion Deutschland GmbH,MD77,Wind,,,,,,,,,,,-1.0,-1.0,-1.0,0.0,Volleinspeisung,,,SNB990362338043,,,,,,,,,,,,,,,,,,,,,2020-03-10 00:00:00.000000,Geprueft
32,1734,1924775,SEE925974076144,Aktiviert,In Betrieb,Windeinheit,WEA 15 / 84169,,,,,,,2015-10-28 00:00:00.000000,,2019-03-11 00:00:00.000000,2020-03-02 12:40:14.127000,Deutschland,Windkraft an Land,18258,Kambs,Über Flurdaten,,,,Kambs,"Flur 1, Flurstück 107",Mecklenburg-Vorpommern,Rostock,Vorbeck,13072110,,,,,,53.906091,12.037918,,2500.0,2500.0,,,,,,,,,,,,,,,,,,,Horizontalläufer,140.0,100.0,-1.0,Nordex Energy GmbH,N100,Wind,,,,,,,,,,,-1.0,-1.0,0.0,-1.0,Volleinspeisung,,,SNB941690671609,,,,,,,,,,,,,,,,,,,,,2020-05-18 00:00:00.000000,Geprueft
33,1737,1924778,SEE978222314253,Aktiviert,In Betrieb,Windeinheit,Artlenburg 02,,,,,,,2002-12-28 00:00:00.000000,,2019-03-11 00:00:00.000000,2019-05-28 08:26:38.033000,Deutschland,Windkraft an Land,21380,Artlenburg,Über Flurdaten,,,,Artlenburg,Fl 22 Fls 12/2,Niedersachsen,Lüneburg,Artlenburg,03355003,,,,,,53.354242,10.488781,,1500.0,1500.0,,,,,,,,,,,,,,,,,,,Horizontalläufer,85.0,77.0,0.0,Senvion Deutschland GmbH,MD77,Wind,,,,,,,,,,,-1.0,-1.0,-1.0,0.0,Volleinspeisung,,,SNB990362338043,,,,,,,,,,,,,,,,,,,,,2020-03-10 00:00:00.000000,Geprueft
34,1804,1867228,SEE905967980009,Aktiviert,In Betrieb,Windeinheit,200044,,,,,,,2013-01-22 00:00:00.000000,,2019-02-20 00:00:00.000000,2020-02-27 14:09:56.943000,Deutschland,Windkraft an Land,18519,Sundhagen,Über Flurdaten,,,,Mannhagen,"Flur 2, Flurstück 216/3",Mecklenburg-Vorpommern,Vorpommern-Rügen,Sundhagen,13073090,,,,,,54.161868,13.193758,,3075.0,3075.0,,,,,,,,,,,,,,,,,,,Horizontalläufer,94.0,112.0,-1.0,Vestas Deutschland GmbH,V112-3.0,Wind,,,,,,,,,,,-1.0,-1.0,-1.0,0.0,Volleinspeisung,,,SNB941690671609,,,,,,,,,,,,,,,,,,,,,2020-02-20 00:00:00.000000,Geprueft
35,2040,1799619,SEE906295197954,Aktiviert,In Betrieb,Windeinheit,"WEA 4, Seriennummer 41430",,,,,,,2012-09-04 00:00:00.000000,,2019-02-05 00:00:00.000000,2020-06-11 15:30:57.153000,Deutschland,Windkraft an Land,25813,Simonsberg,Über Flurdaten,,,,Simonsberg,2 /11-1,Schleswig-Holstein,Nordfriesland,Simonsberg,01054120,,,,,,54.44186,8.984462,,3075.0,3075.0,,,,,,,,,,,,,,,,,,,Horizontalläufer,84.0,112.0,-1.0,Vestas Deutschland GmbH,"V112-3,0MW",Wind,,,,,,,,,,,-1.0,-1.0,0.0,0.0,Volleinspeisung,,,SNB919861978666,,,,,,,,,,,,,,,,,,,,,2020-06-11 00:00:00.000000,Geprueft
36,2274,1799878,SEE959128063063,Aktiviert,In Betrieb,Windeinheit,01 FLE,,,,,,,2018-08-24 00:00:00.000000,,2019-02-19 00:00:00.000000,2019-05-28 08:26:38.033000,Deutschland,Windkraft an Land,33178,Borchen,Über Flurdaten,,,,Etteln,Flur 14: 22,Nordrhein-Westfalen,Paderborn,Borchen,05774012,,,,,,51.622425,8.792204,,3000.0,3000.0,,,,,,,,,,,,,,,,,,,Horizontalläufer,149.08,115.71,-1.0,ENERCON GmbH,E-115,Wind,,,,,,,,,,,-1.0,-1.0,-1.0,-1.0,Volleinspeisung,,,SNB990362338043,,,,,,,,,,,,,,,,,,,,,2020-03-10 00:00:00.000000,Geprueft
37,2476,1800091,SEE923802377883,Aktiviert,In Planung,Windeinheit,WEA 2,,,,,,2020-02-01 00:00:00.000000,,,2019-02-01 00:00:00.000000,2019-02-01 11:02:46.783000,Deutschland,Windkraft an Land,78183,Hüfingen,Über Flurdaten,,,,Fürstenberg,1490/1,Baden-Württemberg,Schwarzwald-Baar-Kreis,Blumberg,08326005,,,,,,47.88194,8.592198,,3300.0,3300.0,,,,,,,,,,,,,,,,,,,Horizontalläufer,164.0,131.0,,,,Wind,,,,,,,,,,,,,,,,,,,,,,,,,,,,,,,,,,,,,,,,None
38,2493,1800109,SEE949984955732,Aktiviert,In Betrieb,Windeinheit,WEA 1- V201580,,,,,,,2013-09-09 00:00:00.000000,,2019-02-07 00:00:00.000000,2019-11-08 11:13:55.490000,Deutschland,Windkraft an Land,57334,Bad Laasphe,Über Flurdaten,,,,Hesselbach,"Flur 6, Flurstück 183",Nordrhein-Westfalen,Siegen-Wittgenstein,Bad Laasphe,05970028,,,,,,50.890265,8.380022,,3075.0,3075.0,,,,,,,,,,,,,,,,,,,Horizontalläufer,140.0,112.0,0.0,Vestas Deutschland GmbH,V112-3.0 MW (mit Stahlrohr-Turm),Wind,,,,,,,,,,,-1.0,-1.0,-1.0,0.0,Volleinspeisung,,,SNB921897286493,,,,,,,,,,,,,,,,,,,,,2019-06-19 00:00:00.000000,Geprueft
39,2506,1800125,SEE954944337220,Aktiviert,In Betrieb,Windeinheit,Tick,,,,,,,2001-01-01 00:00:00.000000,,2019-02-01 00:00:00.000000,2019-05-28 08:26:38.033000,Deutschland,Windkraft an Land,24217,Krummbek,Postalische Adresse,Ratjendorf,15,,,,Schleswig-Holstein,Plön,Krummbek,01057041,,,,,,54.359746,10.404352,,1750.0,1750.0,,,,,,,,,,,,,,,,,,,Horizontalläufer,67.0,66.0,0.0,Vestas Deutschland GmbH,V66,Wind,,,,,,,,,,,-1.0,-1.0,0.0,0.0,Volleinspeisung,,,,,,,,,,,,,,,,,,,,,,,,,Datenkorrektur
40,2636,1800275,SEE950179793688,Aktiviert,In Planung,Windeinheit,WEA 3,,,,,,2020-02-01 00:00:00.000000,,,2019-02-01 00:00:00.000000,2019-02-01 11:42:32.987000,Deutschland,Windkraft an Land,78183,Hüfingen,Über Flurdaten,,,,Fürstenberg,1490/1,Baden-Württemberg,Schwarzwald-Baar-Kreis,Blumberg,08326005,,,,,,47.880894,8.597642,,3300.0,3300.0,,,,,,,,,,,,,,,,,,,Horizontalläufer,164.0,131.0,,,,Wind,,,,,,,,,,,,,,,,,,,,,,,,,,,,,,,,,,,,,,,,None
41,2791,1801415,SEE948219812307,Aktiviert,In Betrieb,Windeinheit,WEA 1010094,,,,,,,2013-06-13 00:00:00.000000,,2019-02-01 00:00:00.000000,2019-10-25 10:12:07.323000,Deutschland,Windkraft an Land,17391,Neetzow-Liepen,Über Flurdaten,,,,Neetzow,2/2,Mecklenburg-Vorpommern,Vorpommern-Greifswald,Neetzow-Liepen,13075155,,,,,,53.883993,13.426895,,3050.0,3050.0,,,,,,,,,,,,,,,,,,,Horizontalläufer,99.0,101.0,-1.0,ENERCON GmbH,E-101,Wind,,,,,,,,,,,-1.0,-1.0,-1.0,-1.0,Volleinspeisung,,,SNB941690671609,,,,,,,,,,,,,,,,,,,,,2020-03-23 00:00:00.000000,Geprueft
42,3059,1801698,SEE969490244571,Aktiviert,In Betrieb,Windeinheit,Trick,,,,,,,2000-12-01 00:00:00.000000,,2019-02-01 00:00:00.000000,2020-07-09 16:17:36.480000,Deutschland,Windkraft an Land,24217,Krummbek,Postalische Adresse,Ratjendorf,15,,,,Schleswig-Holstein,Plön,Krummbek,01057041,,,,,,54.357637,10.402225,,1750.0,1750.0,,,,,,,,,,,,,,,,,,,Horizontalläufer,67.0,66.0,0.0,Vestas Deutschland GmbH,V66,Wind,,,,,,,,,,,-1.0,-1.0,0.0,0.0,Volleinspeisung,,,SNB919861978666,,,,,,,,,,,,,,,,,,,,,2020-07-17 00:00:00.000000,Geprueft
43,3069,1802686,SEE922570521054,Aktiviert,In Betrieb,Windeinheit,Track,,,,,,,2006-12-30 00:00:00.000000,,2019-02-01 00:00:00.000000,2020-10-13 19:10:45.340000,Deutschland,Windkraft an Land,24217,Krummbek,Postalische Adresse,Ratjendorf,15,c/o Jens Wiese,,,Schleswig-Holstein,Plön,Krummbek,01057041,,,,,,54.355883,10.405882,,2000.0,2000.0,,,,,,,,,,,,,,,,,,,Horizontalläufer,59.0,82.0,0.0,Senvion Deutschland GmbH,MM82,Wind,,,,,,,,,,,-1.0,-1.0,0.0,0.0,Volleinspeisung,,,,,,,,,,,,,,,,,,,,,,,,,WiederVorlagePruefung
44,3140,1802761,SEE975554042434,Aktiviert,In Betrieb,Windeinheit,WEA GBH 01,,,,,,,2018-12-05 00:00:00.000000,,2019-05-03 00:00:00.000000,2020-06-08 12:30:15.007000,Deutschland,Windkraft an Land,37434,Bodensee,Über Flurdaten,,,,Bodensee,Flur 17 Flurstück 38/1,Niedersachsen,Göttingen,Bodensee,03152003,,,,,,51.612171,10.153584,,3600.0,3600.0,,,,,,,,,,,,,,,,,,,Horizontalläufer,166.0,136.0,-1.0,Vestas Deutschland GmbH,V 136-3.6 MW,Wind,,,,,,,,,,,-1.0,-1.0,-1.0,0.0,Volleinspeisung,,,SNB971311555230,,,,,,,,,,,,,,,,,,,,,2020-06-08 00:00:00.000000,Geprueft
45,3153,1802776,SEE990997372290,Aktiviert,In Betrieb,Windeinheit,V-205778,,,,,,,2014-12-10 00:00:00.000000,,2019-02-01 00:00:00.000000,2019-09-02 13:55:41.913000,Deutschland,Windkraft an Land,97199,Ochsenfurt,Über Flurdaten,,,,Hopferstadt,1087,Bayern,Würzburg,Frickenhausen a. Main,09679131,,,,,,49.6057,10.033514,,2000.0,2000.0,,,,,,,,,,,,,,,,,,,Horizontalläufer,125.0,90.0,-1.0,Vestas Deutschland GmbH,V90,Wind,,,,,,,,,,,-1.0,-1.0,-1.0,0.0,Volleinspeisung,,,,,,,,,,,,,,,,,,,,,,,,,Ungeprueft
46,3167,1802790,SEE926034105682,Aktiviert,In Planung,Windeinheit,WEA 4,,,,,,2020-02-01 00:00:00.000000,,,2019-02-01 00:00:00.000000,2019-02-01 12:22:57.470000,Deutschland,Windkraft an Land,78183,Hüfingen,Über Flurdaten,,,,Fürstenberg,1492,Baden-Württemberg,Schwarzwald-Baar-Kreis,Blumberg,08326005,,,,,,47.881189,8.604953,,3300.0,3300.0,,,,,,,,,,,,,,,,,,,Horizontalläufer,164.0,131.0,,,,Wind,,,,,,,,,,,,,,,,,,,,,,,,,,,,,,,,,,,,,,,,
47,3243,1802871,SEE915073153075,Aktiviert,In Planung,Windeinheit,WEA 5,,,,,,2020-02-01 00:00:00.000000,,,2019-02-01 00:00:00.000000,2019-02-01 12:27:17.680000,Deutschland,Windkraft an Land,78183,Hüfingen,Über Flurdaten,,,,Fürstenberg,1492,Baden-Württemberg,Schwarzwald-Baar-Kreis,Blumberg,08326005,,,,,,47.878563,8.60758,,3300.0,3300.0,,,,,,,,,,,,,,,,,,,Horizontalläufer,164.0,131.0,,,,Wind,,,,,,,,,,,,,,,,,,,,,,,,,,,,,,,,,,,,,,,,
48,3271,1802902,SEE971087087461,Aktiviert,In Planung,Windeinheit,WEA 6,,,,,,2020-02-01 00:00:00.000000,,,2019-02-01 00:00:00.000000,2019-02-01 12:31:12.600000,Deutschland,Windkraft an Land,78183,Hüfingen,Über Flurdaten,,,,Fürstenberg,1491,Baden-Württemberg,Schwarzwald-Baar-Kreis,Blumberg,08326005,,,,,,47.890048,8.599871,,3300.0,3300.0,,,,,,,,,,,,,,,,,,,Horizontalläufer,164.0,131.0,,,,Wind,,,,,,,,,,,,,,,,,,,,,,,,,,,,,,,,,,,,,,,,
49,3299,1802931,SEE910634021237,Aktiviert,In Planung,Windeinheit,WEA 7,,,,,,2020-02-01 00:00:00.000000,,,2019-02-01 00:00:00.000000,2019-02-01 12:34:58.620000,Deutschland,Windkraft an Land,78166,Donaueschingen,Über Flurdaten,,,,Neudingen,2195,Baden-Württemberg,Schwarzwald-Baar-Kreis,Donaueschingen,08326012,,,,,,47.890128,8.607225,,3300.0,3300.0,,,,,,,,,,,,,,,,,,,Horizontalläufer,164.0,131.0,,,,Wind,,,,,,,,,,,,,,,,,,,,,,,,,,,,,,,,,,,,,,,,
50,3338,1802974,SEE993918975099,Aktiviert,In Planung,Windeinheit,WEA 8,,,,,,2020-02-01 00:00:00.000000,,,2019-02-01 00:00:00.000000,2019-02-01 12:38:10.280000,Deutschland,Windkraft an Land,78166,Donaueschingen,Über Flurdaten,,,,Neudingen,2195,Baden-Württemberg,Schwarzwald-Baar-Kreis,Donaueschingen,08326012,,,,,,47.889818,8.614181,,3300.0,3300.0,,,,,,,,,,,,,,,,,,,Horizontalläufer,164.0,131.0,,,,Wind,,,,,,,,,,,,,,,,,,,,,,,,,,,,,,,,,,,,,,,,
51,3454,1803092,SEE900136703434,Aktiviert,In Betrieb,Windeinheit,WEA 1 WP-Saerbeck,,,,,,,2013-11-28 00:00:00.000000,,2019-02-01 00:00:00.000000,2019-06-28 02:09:55.707000,Deutschland,Windkraft an Land,48369,Saerbeck,Über Flurdaten,,,,Saerbeck,Flur 10 / Flurstück 16,Nordrhein-Westfalen,Steinfurt,Saerbeck,05566080,,,,,,52.204128,7.614904,,3050.0,3050.0,,,,,,,,,,,,,,,,,,,Horizontalläufer,149.0,101.0,-1.0,ENERCON GmbH,E-101,Wind,,,,,,,,,,,-1.0,-1.0,-1.0,0.0,Teileinspeisung,,,SNB921897286493,,,,,,,,,,,,,,,,,,,,,2019-06-28 00:00:00.000000,Geprueft
52,3872,1803543,SEE975697581166,Aktiviert,In Betrieb,Windeinheit,WEA 2 WP-Saerbeck,,,,,,,2013-11-12 00:00:00.000000,,2019-02-12 00:00:00.000000,2019-06-27 03:11:07.927000,Deutschland,Windkraft an Land,48369,Saerbeck,Über Flurdaten,,,,Saerbeck,Flur 11 / Flurstück 30,Nordrhein-Westfalen,Steinfurt,Saerbeck,05566080,,,,,,52.124188,7.619676,,3050.0,3050.0,,,,,,,,,,,,,,,,,,,Horizontalläufer,149.0,101.0,-1.0,ENERCON GmbH,E-101,Wind,,,,,,,,,,,-1.0,-1.0,-1.0,0.0,Teileinspeisung,,,SNB921897286493,,,,,,,,,,,,,,,,,,,,,2019-06-27 00:00:00.000000,Geprueft
53,4166,1803851,SEE964274163000,Aktiviert,In Betrieb,Windeinheit,FL1000 Nr.:254,,,,,,,2003-01-01 00:00:00.000000,,2019-02-05 00:00:00.000000,2019-05-28 08:26:38.033000,Deutschland,Windkraft an Land,78132,Hornberg,Über Flurdaten,,,,Reichenbach,"Sommerberg, 245",Baden-Württemberg,Ortenaukreis,Hornberg,08317051,,,,,,48.233353,8.255743,,1000.0,1000.0,,,,,,,,,,,,,,,,,,,Horizontalläufer,110.0,54.0,0.0,Fuhrländer AG,FL 1000,Wind,,,,,,,,,,,-1.0,-1.0,0.0,0.0,Volleinspeisung,,,,,,,,,,,,,,,,,,,,,,,,,Ungeprueft
54,4618,1804346,SEE901944891672,Aktiviert,In Betrieb,Windeinheit,Tante Emma Tacke,,,,,,,1998-05-13 00:00:00.000000,,2020-03-10 00:00:00.000000,2020-03-11 10:22:29.243000,Deutschland,Windkraft an Land,48683,Ahaus,Postalische Adresse,Thiebrink,22,,,,Nordrhein-Westfalen,Borken,Ahaus,05554004,,,,,,52.109722,6.990278,,600.0,600.0,,,,,,,,,,,,,,,,,,,Horizontalläufer,60.0,46.0,0.0,Tacke GmbH & Co. KG,TW 600e,Wind,,,,,,,,,,,-1.0,0.0,0.0,0.0,Volleinspeisung,,,SNB977443469322,,,,,,,,,,,,,,,,,,,,,2020-03-11 00:00:00.000000,Geprueft
55,4893,1804640,SEE962097502426,Aktiviert,In Betrieb,Windeinheit,KROWI,,,,,,,1994-11-29 00:00:00.000000,,2019-02-04 00:00:00.000000,2020-03-08 15:16:53.830000,Deutschland,Windkraft an Land,57612,Giesenhausen,Über Flurdaten,,,,Kroppach,Flur 12: 21,Rheinland-Pfalz,Westerwaldkreis,Giesenhausen,07143225,,,,,,50.694,7.725945,,250.0,250.0,,,,,,,,,,,,,,,,,,,Horizontalläufer,42.0,30.0,0.0,Fuhrländer AG,FUH15 G1 D250,Wind,,,,,,,,,,,-1.0,-1.0,-1.0,0.0,Volleinspeisung,,,SNB980055629275,,,,,,,,,,,,,,,,,,,,,2020-03-08 00:00:00.000000,Geprueft
56,4905,1804652,SEE913476607737,Aktiviert,In Betrieb,Windeinheit,Obernholz_1,,,,,,,2000-03-01 00:00:00.000000,,2019-02-04 00:00:00.000000,2019-05-28 08:26:38.033000,Deutschland,Windkraft an Land,29386,Obernholz,Über Flurdaten,,,,Steimke,"Flur 1, Flurstück 67/6",Niedersachsen,Gifhorn,Obernholz,03151019,,,,,,52.749314,10.591174,,600.0,600.0,,,,,,,,,,,,,,,,,,,Horizontalläufer,70.0,46.0,0.0,Tacke GmbH & Co. KG,TW600a,Wind,,,,,,,,,,,-1.0,0.0,0.0,0.0,Volleinspeisung,,,SNB957862279702,,,,,,,,,,,,,,,,,,,,,2019-02-21 00:00:00.000000,Geprueft
57,5456,1805238,SEE901953720864,Aktiviert,In Betrieb,Windeinheit,WEA V90 Gilzem,,,,,,,2013-09-06 00:00:00.000000,,2019-02-01 00:00:00.000000,2019-05-28 08:26:38.033000,Deutschland,Windkraft an Land,54298,Gilzem,Über Flurdaten,,,,Gilzem,"Flur 4, 57",Rheinland-Pfalz,Eifelkreis Bitburg-Prüm,Kaschenbach,07232065,,,,,,49.103025,-4.194624,,2000.0,2000.0,,,,,,,,,,,,,,,,,,,Horizontalläufer,105.0,90.0,-1.0,Vestas Deutschland GmbH,V90,Wind,,,,,,,,,,,-1.0,-1.0,-1.0,0.0,Volleinspeisung,,,,,,,,,,,,,,,,,,,,,,,,,Datenkorrektur
58,5832,1805632,SEE946913378938,Aktiviert,In Betrieb,Windeinheit,Koselauer Windenergie Anlage 2,,,,,,,2000-08-03 00:00:00.000000,,2019-02-01 00:00:00.000000,2020-07-17 14:10:41.470000,Deutschland,Windkraft an Land,23738,Riepsdorf,Postalische Adresse,Hauptstraße,,,,,Schleswig-Holstein,Ostholstein,Riepsdorf,01055036,,,,,,54.236897,10.943881,,660.0,660.0,,,,,,,,,,,,,,,,,,,Horizontalläufer,65.0,47.0,0.0,Vestas Deutschland GmbH,Vestas V-47,Wind,,,,,,,,,,,-1.0,-1.0,-1.0,0.0,Volleinspeisung,,,SNB919861978666,,,,,,,,,,,,,,,,,,,,,2019-07-22 00:00:00.000000,Geprueft
59,5890,1805693,SEE936077126704,Aktiviert,In Betrieb,Windeinheit,Koselauer Windenergie Anlage 3,,,,,,,2000-08-04 00:00:00.000000,,2019-02-01 00:00:00.000000,2020-07-17 14:07:26.100000,Deutschland,Windkraft an Land,23738,Riepsdorf,Postalische Adresse,Hauptstraße,,,,,Schleswig-Holstein,Ostholstein,Riepsdorf,01055036,,,,,,54.2346,10.945197,,660.0,660.0,,,,,,,,,,,,,,,,,,,Horizontalläufer,65.0,47.0,0.0,Vestas Deutschland GmbH,Vestas V-47,Wind,,,,,,,,,,,-1.0,-1.0,-1.0,0.0,Volleinspeisung,,,SNB919861978666,,,,,,,,,,,,,,,,,,,,,2019-07-23 00:00:00.000000,Geprueft
60,5933,1805737,SEE976480356336,Aktiviert,In Betrieb,Windeinheit,Koselauer Windenergie Anlage 4,,,,,,,2000-08-03 00:00:00.000000,,2019-02-01 00:00:00.000000,2020-08-06 12:21:35.650000,Deutschland,Windkraft an Land,23738,Riepsdorf,Postalische Adresse,Hauptstraße,,,,,Schleswig-Holstein,Ostholstein,Riepsdorf,01055036,,,,,,54.232303,10.946528,,660.0,660.0,,,,,,,,,,,,,,,,,,,Horizontalläufer,65.0,47.0,0.0,Vestas Deutschland GmbH,Vestas V-47,Wind,,,,,,,,,,,-1.0,-1.0,-1.0,0.0,Volleinspeisung,,,SNB919861978666,,,,,,,,,,,,,,,,,,,,,2019-07-23 00:00:00.000000,Geprueft
61,5962,1805767,SEE917334783236,Aktiviert,In Betrieb,Windeinheit,Koselauer Windenergie Anlage 5,,,,,,,2000-08-09 00:00:00.000000,,2019-02-01 00:00:00.000000,2020-07-17 14:08:31.827000,Deutschland,Windkraft an Land,23738,Riepsdorf,Postalische Adresse,Hauptstraße,,,,,Schleswig-Holstein,Ostholstein,Riepsdorf,01055036,,,,,,54.230136,10.948439,,660.0,660.0,,,,,,,,,,,,,,,,,,,Horizontalläufer,65.0,47.0,0.0,Vestas Deutschland GmbH,Vestas V-47,Wind,,,,,,,,,,,-1.0,-1.0,-1.0,0.0,Volleinspeisung,,,SNB919861978666,,,,,,,,,,,,,,,,,,,,,2019-07-23 00:00:00.000000,Geprueft
62,5991,1805798,SEE949293116329,Aktiviert,In Betrieb,Windeinheit,Koselauer Windenergie Anlage 6,,,,,,,2000-08-07 00:00:00.000000,,2019-02-01 00:00:00.000000,2020-07-17 14:01:50.393000,Deutschland,Windkraft an Land,23738,Riepsdorf,Postalische Adresse,Hauptstraße,,,,,Schleswig-Holstein,Ostholstein,Riepsdorf,01055036,,,,,,54.228461,10.953019,,660.0,660.0,,,,,,,,,,,,,,,,,,,Horizontalläufer,65.0,47.0,0.0,Vestas Deutschland GmbH,Vestas V-47,Wind,,,,,,,,,,,-1.0,-1.0,,0.0,Volleinspeisung,,,SNB919861978666,,,,,,,,,,,,,,,,,,,,,2019-07-23 00:00:00.000000,Geprueft
63,6492,1806313,SEE905630482274,Aktiviert,In Betrieb,Windeinheit,Groß Santersleben Süd 6,,,,,,,2010-12-16 00:00:00.000000,,2019-10-04 00:00:00.000000,2019-10-04 16:49:49.450000,Deutschland,Windkraft an Land,39343,Groß Santersleben,Über Flurdaten,,,,Groß Santersleben,"Flur 3, Flurstück 31/6 A",Sachsen-Anhalt,Börde,Hohe Börde,15083298,,,,,,52.176389,11.465,,2500.0,2500.0,,,,,,,,,,,,,,,,,,,Horizontalläufer,100.0,100.0,0.0,GE Wind Energy GmbH,GE 2.5 xl,Wind,,,,,,,,,,,-1.0,-1.0,-1.0,-1.0,Volleinspeisung,,,,,,,,,,,,,,,,,,,,,,,,,Datenkorrektur
64,7164,1807020,SEE909799533297,Aktiviert,In Betrieb,Windeinheit,WKA Waterwarf,,,,,,,1993-10-04 00:00:00.000000,,2019-02-02 00:00:00.000000,2019-07-27 12:45:28.853000,Deutschland,Windkraft an Land,26506,Norden,Postalische Adresse,Waterwarfer Weg,4,,,,Niedersachsen,Aurich,Norden,03452019,,,,,,53.575,7.099,,300.0,300.0,,,,,,,,,,,,,,,,,,,Horizontalläufer,31.0,31.0,-1.0,NEG Micon Deutschland GmbH,NTK 300/31,Wind,,,,,,,,,,,-1.0,0.0,0.0,0.0,Volleinspeisung,,,SNB951051725711,,,,,,,,,,,,,,,,,,,,,2019-07-27 00:00:00.000000,Geprueft
65,9029,1808975,SEE982499303742,Aktiviert,In Betrieb,Windeinheit,Easy Wind,,,,,,,2012-01-03 00:00:00.000000,,2020-01-03 00:00:00.000000,2020-01-03 12:28:58.613000,Deutschland,Windkraft an Land,25853,Ahrenshöft,Postalische Adresse,,,,,,Schleswig-Holstein,Nordfriesland,Ahrenshöft,01054002,,,,,,,,,6.0,6.0,,,,,,,,,,,,,,,,,,,Horizontalläufer,19.0,6.0,0.0,Easywind GmbH,6AC,Wind,,,,,,,,,,,-1.0,,,,Teileinspeisung,,,,,,,,,,,,,,,,,,,,,,,,,Ungeprueft
66,9108,1809056,SEE937863584876,Aktiviert,In Betrieb,Windeinheit,"WEA1, Nr. 78775",,,,,,,2006-10-12 00:00:00.000000,,2019-02-02 00:00:00.000000,2020-08-04 08:28:36.810000,Deutschland,Windkraft an Land,23769,Fehmarn,Über Flurdaten,,,,Vadersdorf,1/48,Schleswig-Holstein,Ostholstein,Fehmarn,01055046,,,,,,54.491497,11.102845,,2300.0,2300.0,,,,,,,,,,,,,,,,,,,Horizontalläufer,64.0,71.0,0.0,ENERCON GmbH,E70 E4,Wind,,,,,,,,,,,-1.0,-1.0,0.0,-1.0,Volleinspeisung,,,,,,,,,,,,,,,,,,,,,,,,,WiederVorlagePruefung
67,9658,1809627,SEE931794674651,Aktiviert,In Betrieb,Windeinheit,9399,,,,,,,1995-03-23 00:00:00.000000,,2019-02-02 00:00:00.000000,2019-06-14 06:49:19.487000,Deutschland,Windkraft an Land,26725,Emden,Postalische Adresse,Zum Uphuser Meer,6,,,,Niedersachsen,Emden,Emden,03402000,,,,,,53.38,7.266,,510.0,510.0,,,,,,,,,,,,,,,,,,,Horizontalläufer,53.0,39.0,-1.0,Vestas Deutschland GmbH,V39,Wind,,,,,,,,,,,-1.0,-1.0,-1.0,0.0,Volleinspeisung,,,SNB941183960449,,,,,,,,,,,,,,,,,,,,,2019-06-14 00:00:00.000000,Geprueft
68,10377,1810382,SEE987638635142,Aktiviert,In Betrieb,Windeinheit,WKA 1,,,,,,,2000-06-30 00:00:00.000000,,2019-02-02 00:00:00.000000,2019-05-28 08:26:38.033000,Deutschland,Windkraft an Land,23738,Riepsdorf,Über Flurdaten,,,,Quaal,Flur 1: 002,Schleswig-Holstein,Ostholstein,Riepsdorf,01055036,,,,,,53.39775,23.04989,,660.0,660.0,,,,,,,,,,,,,,,,,,,Horizontalläufer,65.0,47.0,0.0,Vestas Deutschland GmbH,V47,Wind,,,,,,,,,,,-1.0,-1.0,-1.0,0.0,Volleinspeisung,,,SNB919861978666,,,,,,,,,,,,,,,,,,,,,2019-07-23 00:00:00.000000,Geprueft
69,10432,1810439,SEE922793604978,Aktiviert,In Betrieb,Windeinheit,WKA 2,,,,,,,2000-06-30 00:00:00.000000,,2019-02-02 00:00:00.000000,2019-05-28 08:26:38.033000,Deutschland,Windkraft an Land,23738,Riepsdorf,Über Flurdaten,,,,Quaal,Flur1: 005,Schleswig-Holstein,Ostholstein,Riepsdorf,01055036,,,,,,53.393272,23.051389,,660.0,660.0,,,,,,,,,,,,,,,,,,,Horizontalläufer,65.0,47.0,0.0,Vestas Deutschland GmbH,V47,Wind,,,,,,,,,,,-1.0,-1.0,-1.0,0.0,Volleinspeisung,,,SNB919861978666,,,,,,,,,,,,,,,,,,,,,2019-07-23 00:00:00.000000,Geprueft
70,10440,1810447,SEE999659874554,Aktiviert,In Betrieb,Windeinheit,WKA 3,,,,,,,2000-06-23 00:00:00.000000,,2019-02-02 00:00:00.000000,2019-05-28 08:26:38.033000,Deutschland,Windkraft an Land,23738,Riepsdorf,Postalische Adresse,Bäderstraße,16,Achterhof in Gosdorf,,,Schleswig-Holstein,Ostholstein,Riepsdorf,01055036,,,,,,53.387155,23.058298,,660.0,660.0,,,,,,,,,,,,,,,,,,,Horizontalläufer,65.0,47.0,0.0,Vestas Deutschland GmbH,V47,Wind,,,,,,,,,,,-1.0,-1.0,-1.0,0.0,Volleinspeisung,,,SNB919861978666,,,,,,,,,,,,,,,,,,,,,2019-07-23 00:00:00.000000,Geprueft
71,10445,1810452,SEE950785031617,Aktiviert,In Betrieb,Windeinheit,WKA 4,,,,,,,2000-06-22 00:00:00.000000,,2019-02-02 00:00:00.000000,2019-05-28 08:26:38.033000,Deutschland,Windkraft an Land,23738,Riepsdorf,Postalische Adresse,Bäderstraße,16,Achterhof in Gosdorf,,,Schleswig-Holstein,Ostholstein,Riepsdorf,01055036,,,,,,53.384417,23.061837,,660.0,660.0,,,,,,,,,,,,,,,,,,,Horizontalläufer,65.0,47.0,0.0,Vestas Deutschland GmbH,V47,Wind,,,,,,,,,,,-1.0,-1.0,-1.0,0.0,Volleinspeisung,,,SNB919861978666,,,,,,,,,,,,,,,,,,,,,2019-07-23 00:00:00.000000,Geprueft
72,10453,1810461,SEE917342732226,Aktiviert,In Betrieb,Windeinheit,WKA 5,,,,,,,2000-06-30 00:00:00.000000,,2019-02-02 00:00:00.000000,2019-05-28 08:26:38.033000,Deutschland,Windkraft an Land,23738,Riepsdorf,Postalische Adresse,Bäderstraße,16,Achterhof in Gosdorf,,,Schleswig-Holstein,Ostholstein,Riepsdorf,01055036,,,,,,53.381857,23.066164,,660.0,660.0,,,,,,,,,,,,,,,,,,,Horizontalläufer,65.0,47.0,0.0,Vestas Deutschland GmbH,V47,Wind,,,,,,,,,,,-1.0,-1.0,-1.0,0.0,,,,SNB919861978666,,,,,,,,,,,,,,,,,,,,,2019-07-23 00:00:00.000000,Geprueft
73,10457,1810465,SEE921980944712,Aktiviert,In Betrieb,Windeinheit,WKA 6,,,,,,,2000-06-22 00:00:00.000000,,2019-02-02 00:00:00.000000,2019-05-28 08:26:38.033000,Deutschland,Windkraft an Land,23738,Riepsdorf,Postalische Adresse,Bäderstraße,16,Achterhof in Gosdorf,,,Schleswig-Holstein,Ostholstein,Riepsdorf,01055036,,,,,,53.384753,23.051422,,660.0,660.0,,,,,,,,,,,,,,,,,,,Horizontalläufer,65.0,47.0,0.0,Vestas Deutschland GmbH,V47,Wind,,,,,,,,,,,-1.0,-1.0,-1.0,0.0,Volleinspeisung,,,SNB919861978666,,,,,,,,,,,,,,,,,,,,,2019-07-23 00:00:00.000000,Geprueft
74,10459,1810468,SEE946137284763,Aktiviert,In Betrieb,Windeinheit,WKA 7,,,,,,,2000-06-22 00:00:00.000000,,2019-02-02 00:00:00.000000,2019-05-28 08:26:38.033000,Deutschland,Windkraft an Land,23738,Riepsdorf,Postalische Adresse,Bäderstraße,16,Achterhof in Gosdorf,,,Schleswig-Holstein,Ostholstein,Riepsdorf,01055036,,,,,,53.382632,23.05353,,660.0,660.0,,,,,,,,,,,,,,,,,,,Horizontalläufer,65.0,47.0,0.0,Vestas Deutschland GmbH,V47,Wind,,,,,,,,,,,-1.0,-1.0,-1.0,0.0,Volleinspeisung,,,SNB919861978666,,,,,,,,,,,,,,,,,,,,,2019-07-23 00:00:00.000000,Geprueft
75,10464,1810473,SEE955275455850,Aktiviert,In Betrieb,Windeinheit,WKA 8,,,,,,,2000-06-22 00:00:00.000000,,2019-02-02 00:00:00.000000,2019-05-28 08:26:38.033000,Deutschland,Windkraft an Land,23738,Riepsdorf,Postalische Adresse,Bäderstraße,16,Achterhof in Gosdorf,,,Schleswig-Holstein,Ostholstein,Riepsdorf,01055036,,,,,,53.381611,23.058254,,660.0,660.0,,,,,,,,,,,,,,,,,,,Horizontalläufer,65.0,47.0,0.0,Vestas Deutschland GmbH,V47,Wind,,,,,,,,,,,-1.0,-1.0,-1.0,0.0,Volleinspeisung,,,SNB919861978666,,,,,,,,,,,,,,,,,,,,,2019-07-23 00:00:00.000000,Geprueft
76,10764,1810792,SEE965612305083,Aktiviert,In Betrieb,Windeinheit,"WEA2, Nr. 78776",,,,,,,2006-10-18 00:00:00.000000,,2019-02-03 00:00:00.000000,2020-09-08 15:48:26.633000,Deutschland,Windkraft an Land,23769,Fehmarn,Über Flurdaten,,,,Vadersdorf,1/48,Schleswig-Holstein,Ostholstein,Fehmarn,01055046,,,,,,54.489577,11.100788,,2300.0,2300.0,,,,,,,,,,,,,,,,,,,Horizontalläufer,64.0,70.0,0.0,ENERCON GmbH,E70E4,Wind,,,,,,,,,,,-1.0,-1.0,0.0,-1.0,Volleinspeisung,,,SNB919861978666,,,,,,,,,,,,,,,,,,,,,2020-09-08 00:00:00.000000,Geprueft
77,10891,1810925,SEE939244578108,Aktiviert,In Betrieb,Windeinheit,"WEA3, Nr. 78781",,,,,,,2006-10-19 00:00:00.000000,,2019-02-03 00:00:00.000000,2020-05-28 15:50:22.340000,Deutschland,Windkraft an Land,23769,Fehmarn,Über Flurdaten,,,,Vadersdorf,1/48,Schleswig-Holstein,Ostholstein,Fehmarn,01055046,,,,,,54.4871,11.102324,,2300.0,2300.0,,,,,,,,,,,,,,,,,,,Horizontalläufer,64.0,70.0,0.0,ENERCON GmbH,E70E4,Wind,,,,,,,,,,,-1.0,-1.0,0.0,-1.0,Volleinspeisung,,,SNB919861978666,,,,,,,,,,,,,,,,,,,,,2020-05-28 00:00:00.000000,Geprueft
78,11013,1811050,SEE932173753615,Aktiviert,In Betrieb,Windeinheit,"WEA4, Nr. 78782",,,,,,,2006-10-19 00:00:00.000000,,2019-02-03 00:00:00.000000,2020-05-28 15:48:34.780000,Deutschland,Windkraft an Land,23769,Fehmarn,Über Flurdaten,,,,Vadersdorf,2/41/4,Schleswig-Holstein,Ostholstein,Fehmarn,01055046,,,,,,54.485945,11.106485,,2300.0,2300.0,,,,,,,,,,,,,,,,,,,Horizontalläufer,64.0,70.0,0.0,ENERCON GmbH,E70E4,Wind,,,,,,,,,,,,-1.0,0.0,-1.0,Volleinspeisung,,,SNB919861978666,,,,,,,,,,,,,,,,,,,,,2020-05-28 00:00:00.000000,Geprueft
79,11086,1811123,SEE980593379632,Aktiviert,In Betrieb,Windeinheit,"WEA5, Nr. 78783",,,,,,,2006-10-13 00:00:00.000000,,2019-02-03 00:00:00.000000,2020-05-28 15:45:56.240000,Deutschland,Windkraft an Land,23769,Fehmarn,Über Flurdaten,,,,Vadersdorf,6/56,Schleswig-Holstein,Ostholstein,Fehmarn,01055046,,,,,,54.480247,11.106146,,2300.0,2300.0,,,,,,,,,,,,,,,,,,,Horizontalläufer,64.0,70.0,0.0,ENERCON GmbH,E70E4,Wind,,,,,,,,,,,-1.0,-1.0,0.0,-1.0,Volleinspeisung,,,SNB919861978666,,,,,,,,,,,,,,,,,,,,,2020-05-28 00:00:00.000000,Geprueft
80,11203,1811243,SEE994466583514,Aktiviert,In Betrieb,Windeinheit,"WEA6, Nr. 78784",,,,,,,2006-10-12 00:00:00.000000,,2019-02-03 00:00:00.000000,2020-05-28 15:44:43.897000,Deutschland,Windkraft an Land,23769,Fehmarn,Über Flurdaten,,,,Vadersdorf,6/54/4,Schleswig-Holstein,Ostholstein,Fehmarn,01055046,,,,,,54.479374,11.109606,,2300.0,2300.0,,,,,,,,,,,,,,,,,,,Horizontalläufer,64.0,70.0,0.0,ENERCON GmbH,E70E4,Wind,,,,,,,,,,,,-1.0,0.0,-1.0,Volleinspeisung,,,SNB919861978666,,,,,,,,,,,,,,,,,,,,,2020-05-28 00:00:00.000000,Geprueft
81,11290,1811333,SEE986763358575,Aktiviert,In Betrieb,Windeinheit,"WEA7, Nr. 78785",,,,,,,2006-10-11 00:00:00.000000,,2019-02-03 00:00:00.000000,2020-05-28 15:44:19.917000,Deutschland,Windkraft an Land,23769,Fehmarn,Über Flurdaten,,,,Vadersdorf,6/54/4,Schleswig-Holstein,Ostholstein,Fehmarn,01055046,,,,,,54.477053,11.109255,,2300.0,2300.0,,,,,,,,,,,,,,,,,,,Horizontalläufer,64.0,70.0,0.0,ENERCON GmbH,E70E4,Wind,,,,,,,,,,,-1.0,-1.0,0.0,-1.0,Volleinspeisung,,,SNB919861978666,,,,,,,,,,,,,,,,,,,,,2020-05-28 00:00:00.000000,Geprueft
82,11327,1811370,SEE958665984244,Aktiviert,In Betrieb,Windeinheit,"WEA8, Nr. 78786",,,,,,,2006-10-06 00:00:00.000000,,2019-02-03 00:00:00.000000,2020-06-15 15:21:22.003000,Deutschland,Windkraft an Land,23769,Fehmarn,Über Flurdaten,,,,Vadersdorf,1/47/3,Schleswig-Holstein,Ostholstein,Fehmarn,01055046,,,,,,54.490821,11.107397,,2300.0,2300.0,,,,,,,,,,,,,,,,,,,Horizontalläufer,64.0,70.0,0.0,ENERCON GmbH,E70E4,Wind,,,,,,,,,,,-1.0,-1.0,0.0,-1.0,Volleinspeisung,,,SNB919861978666,,,,,,,,,,,,,,,,,,,,,2020-06-15 00:00:00.000000,Geprueft
83,11384,1811432,SEE956453830889,Aktiviert,In Betrieb,Windeinheit,"WEA9, Nr. 78787",,,,,,,2006-09-29 00:00:00.000000,,2019-02-03 00:00:00.000000,2020-06-15 15:20:40.837000,Deutschland,Windkraft an Land,23769,Fehmarn,Über Flurdaten,,,,Vadersdorf,1/47/3,Schleswig-Holstein,Ostholstein,Fehmarn,01055046,,,,,,54.487697,11.1089,,2300.0,2300.0,,,,,,,,,,,,,,,,,,,Horizontalläufer,64.0,70.0,0.0,ENERCON GmbH,E70E4,Wind,,,,,,,,,,,-1.0,-1.0,0.0,-1.0,Volleinspeisung,,,SNB919861978666,,,,,,,,,,,,,,,,,,,,,2020-06-15 00:00:00.000000,Geprueft
84,11454,1811503,SEE917396624430,Aktiviert,In Betrieb,Windeinheit,"WEA10, Nr. 78788",,,,,,,2006-10-08 00:00:00.000000,,2019-02-03 00:00:00.000000,2020-05-28 15:43:56.773000,Deutschland,Windkraft an Land,23769,Fehmarn,Über Flurdaten,,,,Vadersdorf,2/43/3,Schleswig-Holstein,Ostholstein,Fehmarn,01055046,,,,,,54.483385,11.10811,,2300.0,2300.0,,,,,,,,,,,,,,,,,,,Horizontalläufer,64.0,70.0,0.0,ENERCON GmbH,E70E4,Wind,,,,,,,,,,,-1.0,-1.0,0.0,-1.0,Volleinspeisung,,,SNB919861978666,,,,,,,,,,,,,,,,,,,,,2020-05-28 00:00:00.000000,Geprueft
85,11506,1811556,SEE900693366332,Aktiviert,In Betrieb,Windeinheit,"WEA11, Nr. 78789",,,,,,,2006-10-04 00:00:00.000000,,2019-02-03 00:00:00.000000,2020-05-28 15:43:31.310000,Deutschland,Windkraft an Land,23769,Fehmarn,Über Flurdaten,,,,Vadersdorf,6/3,Schleswig-Holstein,Ostholstein,Fehmarn,01055046,,,,,,54.482508,11.113163,,2300.0,2300.0,,,,,,,,,,,,,,,,,,,Horizontalläufer,64.0,70.0,0.0,ENERCON GmbH,E70E4,Wind,,,,,,,,,,,-1.0,-1.0,0.0,-1.0,Volleinspeisung,,,SNB919861978666,,,,,,,,,,,,,,,,,,,,,2020-05-28 00:00:00.000000,Geprueft
86,11547,1811597,SEE981427325085,Aktiviert,In Betrieb,Windeinheit,"WEA12, Nr. 78790",,,,,,,2006-10-04 00:00:00.000000,,2019-02-03 00:00:00.000000,2020-06-15 15:23:00.903000,Deutschland,Windkraft an Land,23769,Fehmarn,Über Flurdaten,,,,Vadersdorf,54/2,Schleswig-Holstein,Ostholstein,Fehmarn,01055046,,,,,,54.480146,11.11323,,2300.0,2300.0,,,,,,,,,,,,,,,,,,,Horizontalläufer,64.0,70.0,0.0,ENERCON GmbH,E70E4,Wind,,,,,,,,,,,-1.0,-1.0,0.0,-1.0,Volleinspeisung,,,SNB919861978666,,,,,,,,,,,,,,,,,,,,,2020-06-15 00:00:00.000000,Geprueft
87,11697,1811754,SEE939630426662,Aktiviert,In Betrieb,Windeinheit,"WEA13, Nr. 78791",,,,,,,2006-10-26 00:00:00.000000,,2019-02-03 00:00:00.000000,2020-09-03 15:03:08.193000,Deutschland,Windkraft an Land,23769,Fehmarn,Über Flurdaten,,,,Vadersdorf,6/21/2,Schleswig-Holstein,Ostholstein,Fehmarn,01055046,,,,,,54.476967,11.114625,,2300.0,2300.0,,,,,,,,,,,,,,,,,,,Horizontalläufer,64.0,70.0,0.0,ENERCON GmbH,E70E4,Wind,,,,,,,,,,,-1.0,-1.0,0.0,-1.0,Volleinspeisung,,,SNB919861978666,,,,,,,,,,,,,,,,,,,,,2020-09-03 00:00:00.000000,Geprueft
88,11745,1811806,SEE984129721315,Aktiviert,In Betrieb,Windeinheit,"WEA14, Nr. 78793",,,,,,,2006-09-27 00:00:00.000000,,2019-02-03 00:00:00.000000,2020-09-03 15:03:35.550000,Deutschland,Windkraft an Land,23769,Fehmarn,Über Flurdaten,,,,Vadersdorf,1/47/3,Schleswig-Holstein,Ostholstein,Fehmarn,01055046,,,,,,54.491169,11.114411,,2300.0,2300.0,,,,,,,,,,,,,,,,,,,Horizontalläufer,64.0,70.0,0.0,ENERCON GmbH,E70E4,Wind,,,,,,,,,,,-1.0,-1.0,0.0,-1.0,Volleinspeisung,,,SNB919861978666,,,,,,,,,,,,,,,,,,,,,2020-09-03 00:00:00.000000,Geprueft
89,11784,1811846,SEE954280444170,Aktiviert,In Betrieb,Windeinheit,"WEA15, Nr. 78794",,,,,,,2006-09-27 00:00:00.000000,,2019-02-03 00:00:00.000000,2019-05-28 08:26:38.033000,Deutschland,Windkraft an Land,23769,Fehmarn,Über Flurdaten,,,,Vadersdorf,1/1/3,Schleswig-Holstein,Ostholstein,Fehmarn,01055046,,,,,,54.488797,11.115589,,2300.0,2300.0,,,,,,,,,,,,,,,,,,,Horizontalläufer,64.0,70.0,0.0,ENERCON GmbH,E70E4,Wind,,,,,,,,,,,-1.0,-1.0,0.0,-1.0,Volleinspeisung,,,SNB919861978666,,,,,,,,,,,,,,,,,,,,,2020-05-26 00:00:00.000000,Geprueft
90,11841,1811909,SEE914508745694,Aktiviert,In Betrieb,Windeinheit,"WEA16, Nr. 78795",,,,,,,2006-11-23 00:00:00.000000,,2019-02-03 00:00:00.000000,2020-05-28 15:43:02.147000,Deutschland,Windkraft an Land,23769,Fehmarn,Über Flurdaten,,,,Vadersdorf,1/1/3,Schleswig-Holstein,Ostholstein,Fehmarn,01055046,,,,,,54.489733,11.11097,,2300.0,2300.0,,,,,,,,,,,,,,,,,,,Horizontalläufer,64.0,70.0,0.0,ENERCON GmbH,E70E4,Wind,,,,,,,,,,,-1.0,-1.0,0.0,-1.0,Volleinspeisung,,,SNB919861978666,,,,,,,,,,,,,,,,,,,,,2020-05-28 00:00:00.000000,Geprueft
91,11871,1811942,SEE953360256689,Aktiviert,In Betrieb,Windeinheit,"WEA17, Nr. 78796",,,,,,,2006-09-27 00:00:00.000000,,2019-02-03 00:00:00.000000,2020-05-28 15:42:37.147000,Deutschland,Windkraft an Land,23769,Fehmarn,Über Flurdaten,,,,Vadersdorf,6/4/2,Schleswig-Holstein,Ostholstein,Fehmarn,01055046,,,,,,54.483979,11.117776,,2300.0,2300.0,,,,,,,,,,,,,,,,,,,Horizontalläufer,64.0,70.0,0.0,ENERCON GmbH,E70E4,Wind,,,,,,,,,,,-1.0,-1.0,0.0,-1.0,Volleinspeisung,,,SNB919861978666,,,,,,,,,,,,,,,,,,,,,2020-05-28 00:00:00.000000,Geprueft
92,11934,1812012,SEE970117371174,Aktiviert,In Betrieb,Windeinheit,"WEA18, Nr. 78797",,,,,,,2006-09-23 00:00:00.000000,,2019-02-03 00:00:00.000000,2020-05-28 15:42:13.083000,Deutschland,Windkraft an Land,23769,Fehmarn,Über Flurdaten,,,,Vadersdorf,6/20/5,Schleswig-Holstein,Ostholstein,Fehmarn,01055046,,,,,,54.480577,11.119377,,2300.0,2300.0,,,,,,,,,,,,,,,,,,,Horizontalläufer,64.0,70.0,0.0,ENERCON GmbH,E70E4,Wind,,,,,,,,,,,-1.0,-1.0,0.0,-1.0,Volleinspeisung,,,SNB919861978666,,,,,,,,,,,,,,,,,,,,,2020-05-28 00:00:00.000000,Geprueft
93,11968,1812047,SEE920618190866,Aktiviert,In Betrieb,Windeinheit,"WEA19, Nr. 78798",,,,,,,2006-09-27 00:00:00.000000,,2019-02-03 00:00:00.000000,2020-06-15 15:21:54.990000,Deutschland,Windkraft an Land,23769,Fehmarn,Über Flurdaten,,,,Vadersdorf,6/20/5,Schleswig-Holstein,Ostholstein,Fehmarn,01055046,,,,,,54.478458,11.120703,,2300.0,2300.0,,,,,,,,,,,,,,,,,,,Horizontalläufer,64.0,70.0,0.0,ENERCON GmbH,E70E4,Wind,,,,,,,,,,,-1.0,-1.0,0.0,-1.0,Volleinspeisung,,,SNB919861978666,,,,,,,,,,,,,,,,,,,,,2020-06-15 00:00:00.000000,Geprueft
94,12000,1812080,SEE969876050062,Aktiviert,In Betrieb,Windeinheit,"WEA20, Nr. 78799",,,,,,,2006-09-28 00:00:00.000000,,2019-02-03 00:00:00.000000,2020-05-28 15:35:23.443000,Deutschland,Windkraft an Land,23769,Fehmarn,Über Flurdaten,,,,Vadersdorf,6/20/5,Schleswig-Holstein,Ostholstein,Fehmarn,01055046,,,,,,54.476272,11.121536,,2300.0,2300.0,,,,,,,,,,,,,,,,,,,Horizontalläufer,64.0,70.0,0.0,ENERCON GmbH,E70E4,Wind,,,,,,,,,,,-1.0,,-1.0,-1.0,Volleinspeisung,,,SNB919861978666,,,,,,,,,,,,,,,,,,,,,2020-05-28 00:00:00.000000,Geprueft
95,12094,1812183,SEE985376904216,Aktiviert,In Betrieb,Windeinheit,"WEA1, Nr. 78777, Msp.",,,,,,,2006-08-11 00:00:00.000000,,2019-02-03 00:00:00.000000,2019-05-28 08:26:38.033000,Deutschland,Windkraft an Land,23769,Fehmarn,Über Flurdaten,,,,Vadersdorf,1/48,Schleswig-Holstein,Ostholstein,Fehmarn,01055046,,,,,,54.487675,11.098731,,2300.0,2300.0,,,,,,,,,,,,,,,,,,,Horizontalläufer,64.0,70.0,0.0,ENERCON GmbH,E70E4,Wind,,,,,,,,,,,-1.0,-1.0,0.0,0.0,Volleinspeisung,,,SNB919861978666,,,,,,,,,,,,,,,,,,,,,2019-07-23 00:00:00.000000,Geprueft
96,12143,1812236,SEE945853682280,Aktiviert,In Betrieb,Windeinheit,"WEA2, Nr. 78778, Msp.",,,,,,,2006-08-04 00:00:00.000000,,2019-02-03 00:00:00.000000,2019-05-28 08:26:38.033000,Deutschland,Windkraft an Land,23769,Fehmarn,Über Flurdaten,,,,Vadersdorf,1/50/2,Schleswig-Holstein,Ostholstein,Fehmarn,01055046,,,,,,54.484836,11.099874,,2300.0,2300.0,,,,,,,,,,,,,,,,,,,Horizontalläufer,64.0,70.0,0.0,ENERCON GmbH,E70E4,Wind,,,,,,,,,,,-1.0,-1.0,0.0,0.0,Volleinspeisung,,,SNB919861978666,,,,,,,,,,,,,,,,,,,,,2019-07-23 00:00:00.000000,Geprueft
97,12179,1812275,SEE949197406335,Aktiviert,In Betrieb,Windeinheit,"WEA3, Nr. 78779, Msp.",,,,,,,2006-08-30 00:00:00.000000,,2019-02-03 00:00:00.000000,2019-05-28 08:26:38.033000,Deutschland,Windkraft an Land,23769,Fehmarn,Über Flurdaten,,,,Vadersdorf,1/57/2,Schleswig-Holstein,Ostholstein,Fehmarn,01055046,,,,,,54.48213,11.103312,,2300.0,2300.0,,,,,,,,,,,,,,,,,,,Horizontalläufer,64.0,70.0,0.0,ENERCON GmbH,E70E4,Wind,,,,,,,,,,,-1.0,-1.0,0.0,0.0,Volleinspeisung,,,SNB919861978666,,,,,,,,,,,,,,,,,,,,,2019-07-23 00:00:00.000000,Geprueft
98,12253,1812355,SEE965725392246,Aktiviert,In Betrieb,Windeinheit,"WEA4, Nr. 78780, Msp.",,,,,,,2006-08-31 00:00:00.000000,,2019-02-03 00:00:00.000000,2019-05-28 08:26:38.033000,Deutschland,Windkraft an Land,23769,Fehmarn,Über Flurdaten,,,,Vadersdorf,1/57/3,Schleswig-Holstein,Ostholstein,Fehmarn,01055046,,,,,,54.489656,11.095958,,2300.0,2300.0,,,,,,,,,,,,,,,,,,,Horizontalläufer,64.0,70.0,0.0,ENERCON GmbH,E70E4,Wind,,,,,,,,,,,-1.0,-1.0,0.0,0.0,Volleinspeisung,,,SNB919861978666,,,,,,,,,,,,,,,,,,,,,2019-07-23 00:00:00.000000,Geprueft
99,12278,1812381,SEE975399243621,Aktiviert,In Betrieb,Windeinheit,"WEA5, Nr. 78792, Msp.",,,,,,,2006-08-11 00:00:00.000000,,2019-02-03 00:00:00.000000,2019-05-28 08:26:38.033000,Deutschland,Windkraft an Land,23769,Fehmarn,Über Flurdaten,,,,Altjellingsdorf,1/2 und 3,Schleswig-Holstein,Ostholstein,Fehmarn,01055046,,,,,,54.474699,11.117837,,2300.0,2300.0,,,,,,,,,,,,,,,,,,,Horizontalläufer,64.0,70.0,0.0,ENERCON GmbH,E70E4,Wind,,,,,,,,,,,-1.0,-1.0,0.0,0.0,Volleinspeisung,,,SNB919861978666,,,,,,,,,,,,,,,,,,,,,2019-07-23 00:00:00.000000,Geprueft
100,13346,1813521,SEE913818934996,Aktiviert,In Betrieb,Windeinheit,Anlage300,,,,,,,2014-05-22 00:00:00.000000,,2019-02-03 00:00:00.000000,2020-06-15 15:23:47.417000,Deutschland,Windkraft an Land,25774,Hemme,Über Flurdaten,,,,Hemme,"8, 56",Schleswig-Holstein,Dithmarschen,Hemme,01051047,,,,,,54.264385,8.955812,,2300.0,2300.0,,,,,,,,,,,,,,,,,,,Horizontalläufer,64.0,71.0,0.0,ENERCON GmbH,E70,Wind,,,,,,,,,,,-1.0,-1.0,-1.0,0.0,Volleinspeisung,,,SNB919861978666,,,,,,,,,,,,,,,,,,,,,2020-06-15 00:00:00.000000,Geprueft
101,13580,1813762,SEE928150861541,Aktiviert,In Betrieb,Windeinheit,Anlage301,,,,,,,2014-06-20 00:00:00.000000,,2019-02-03 00:00:00.000000,2020-06-15 15:24:26.870000,Deutschland,Windkraft an Land,25774,Hemme,Über Flurdaten,,,,Hemme,1 52,Schleswig-Holstein,Dithmarschen,Hemme,01051047,,,,,,54.265011,8.953315,,2300.0,2300.0,,,,,,,,,,,,,,,,,,,Horizontalläufer,64.0,71.0,0.0,ENERCON GmbH,E70,Wind,,,,,,,,,,,-1.0,-1.0,-1.0,0.0,Volleinspeisung,,,SNB919861978666,,,,,,,,,,,,,,,,,,,,,2020-06-15 00:00:00.000000,Geprueft
102,13692,1813878,SEE909241247802,Aktiviert,In Betrieb,Windeinheit,Anlage302,,,,,,,2014-06-20 00:00:00.000000,,2019-02-03 00:00:00.000000,2019-08-07 09:31:47.083000,Deutschland,Windkraft an Land,25774,Hemme,Über Flurdaten,,,,Hemme,"8,58",Schleswig-Holstein,Dithmarschen,Hemme,01051047,,,,,,54.265603,8.958456,,2300.0,2300.0,,,,,,,,,,,,,,,,,,,Horizontalläufer,64.0,71.0,0.0,ENERCON GmbH,E70,Wind,,,,,,,,,,,-1.0,-1.0,-1.0,0.0,Volleinspeisung,,,SNB919861978666,,,,,,,,,,,,,,,,,,,,,2020-05-28 00:00:00.000000,Geprueft
103,13720,1813908,SEE987619263197,Aktiviert,In Betrieb,Windeinheit,Anlage303,,,,,,,2014-05-23 00:00:00.000000,,2019-02-03 00:00:00.000000,2020-09-08 15:50:20.043000,Deutschland,Windkraft an Land,25774,Hemme,Über Flurdaten,,,,Hemme,1 52,Schleswig-Holstein,Dithmarschen,Hemme,01051047,,,,,,54.262705,8.955989,,2300.0,2300.0,,,,,,,,,,,,,,,,,,,Horizontalläufer,64.0,71.0,0.0,ENERCON GmbH,E70,Wind,,,,,,,,,,,-1.0,-1.0,-1.0,0.0,Volleinspeisung,,,SNB919861978666,,,,,,,,,,,,,,,,,,,,,2020-09-08 00:00:00.000000,Geprueft
104,14481,1814705,SEE916056181665,Aktiviert,In Betrieb,Windeinheit,WEA 12,,,,,,,2013-12-11 00:00:00.000000,,2019-02-04 00:00:00.000000,2020-09-24 17:12:43.657000,Deutschland,Windkraft an Land,25855,Haselund,Über Flurdaten,,,,Haselund,"Flur 1, Flurstück 90",Schleswig-Holstein,Nordfriesland,Haselund,01054041,,,,,,54.583375,9.167139,,3170.0,3170.0,,,,,,,,,,,,,,,,,,,Horizontalläufer,93.0,114.0,0.0,Senvion Deutschland GmbH,Senvion 3.2M 114,Wind,,,,,,,,,,,-1.0,-1.0,0.0,-1.0,Volleinspeisung,,,SNB919861978666,,,,,,,,,,,,,,,,,,,,,2020-09-29 00:00:00.000000,Geprueft
105,14565,1814796,SEE909849088661,Aktiviert,In Betrieb,Windeinheit,KWEA,,,,,,,2018-05-22 00:00:00.000000,,2019-02-12 00:00:00.000000,2019-05-28 08:26:38.033000,Deutschland,Windkraft an Land,26169,Friesoythe,Postalische Adresse,,,,,,Niedersachsen,Cloppenburg,Friesoythe,03453007,,,,,,,,,29.8,29.8,,,,,,,,,,,,,,,,,,,Horizontalläufer,42.0,13.2,-1.0,Lely Aircon B.V. Niederlassung Leer,LA30,Wind,,,,,,,,,,,0.0,,,,Teileinspeisung,,,,,,,,,,,,,,,,,,,,,,,,,Ungeprueft
106,14722,1814961,SEE978971279582,Aktiviert,In Betrieb,Windeinheit,Aufwind,,,,,,,1996-10-01 00:00:00.000000,,2019-02-03 00:00:00.000000,2019-05-28 08:26:38.033000,Deutschland,Windkraft an Land,93183,Kallmünz,Über Flurdaten,,,,Dinau,200,Bayern,Regensburg,Kallmünz,09375156,,,,,,49.0,12.0,,100.0,100.0,,,,,,,,,,,,,,,,,,,Horizontalläufer,38.0,21.0,0.0,Fuhrländer AG,FL 100,Wind,,,,,,,,,,,0.0,0.0,0.0,,Volleinspeisung,,,,,,,,,,,,,,,,,,,,,,,,,Datenkorrektur
107,15117,1815386,SEE919985691250,Aktiviert,In Betrieb,Windeinheit,Hornisgrinde 1,,,,,,,2015-11-06 00:00:00.000000,,2019-02-04 00:00:00.000000,2020-05-19 12:27:31.320000,Deutschland,Windkraft an Land,77887,Sasbachwalden,Postalische Adresse,An der Grinde,,,,,Baden-Württemberg,Ortenaukreis,Sasbachwalden,08317118,,,,,,48.607354,8.201761,,2300.0,2300.0,,,,,,,,,,,,,,,,,,,Horizontalläufer,84.4,71.0,-1.0,ENERCON GmbH,E-70 E4,Wind,,,,,,,,,,,-1.0,-1.0,0.0,0.0,Volleinspeisung,,,SNB918250928893,,,,,,,,,,,,,,,,,,,,,2020-09-29 00:00:00.000000,Geprueft